contract_id,timestamp_utc,target_price,spot_price,timeframe_minutes,market_ticker,model_probability_above,model_probability_below,model_probability_above_raw,model_probability_below_raw,market_probability_above,market_probability_below,market_probability_source,edge_above,edge_below,suggested_action_above,suggested_action_below,recommended_side,recommended_action,model_prob_yes,market_prob_yes,edge,strike_distance_pct,distance_vol_normalized,moneyness_category,confidence_tier,confidence_score,bet_signal,expected_value_per_1,kelly_fraction_signal,suggested_stake_signal,expected_final_price,expected_variance,near_strike_model_used,ev_yes,ev_no,variance_yes,variance_no,payout_yes,payout_no,kelly_used_yes,kelly_used_no,stake_yes,stake_no,calibration_method,calibration_source,resolution_due_utc,resolved,resolved_price,actual_hit_above,actual_hit_below
BTC_71500_2026-03-05T20:00,2026-03-05T19:11:30.142220+00:00,71500.0,71257.18,49,,0.3604798013155874,0.6395201986844126,0.3604798013155874,0.6395201986844126,0.27,0.73,kalshi_cli_both,0.0904798013155874,-0.0904798013155874,YES,NO,NO,BET_NO,,,,,,,,,,,,,,,,0.6955901765585037,0.5155752653753887,5.100527746600152,1.2947373808719398,3.7037037037037033,1.36986301369863,0.0123944933309023,0.0,,,none,none,2026-03-05T20:00:30.142220+00:00,True,70910.88,0.0,1.0
BTC_71250_2026-03-05T19:59,2026-03-05T19:29:08.752485+00:00,71250.0,71120.88,30,,0.3002657272082956,0.6997342727917044,0.3002657272082956,0.6997342727917044,0.33,0.67,kalshi_cli_both,-0.0297342727917044,0.0297342727917043,NO,NO,NO,BET_NO,,,,,,,,,,,,,,,,0.2101618702637367,0.7441137844211139,3.4128273006408953,1.3053357935344394,3.0303030303030303,1.4925373134328357,0.0,0.0090103856944558,,,none,none,2026-03-05T19:59:08.752485+00:00,True,70944.01,0.0,1.0
BTC_71250_2026-03-05T20:01,2026-03-05T19:31:14.465973+00:00,71250.0,71012.0,30,,0.242061360626097,0.7579386393739029,0.242061360626097,0.7579386393739029,0.22,0.78,kalshi_cli_both,0.022061360626097,-0.022061360626097,NO,NO,NO,BET_NO,,,,,,,,,,,,,,,,0.3423402725629016,0.7296548436994195,5.642009558686392,0.9554551752376068,4.545454545454546,1.282051282051282,0.0028283795674483,0.0,0.06,0.0,none,none,2026-03-05T20:01:14.465973+00:00,True,70965.88,0.0,1.0
BTC_71250_2026-03-05T20:00,2026-03-05T19:42:47.802384+00:00,71250.0,71120.35,18,,0.2984688705909478,0.7015311294090522,0.2984688705909478,0.7015311294090522,0.26,0.74,kalshi_cli_both,0.0384688705909478,-0.0384688705909478,YES,NO,NO,BET_NO,,,,,,,,,,,,,,,,0.4464260651715163,0.6495461691510145,4.917454876900561,1.1576600497888954,3.846153846153846,1.351351351351351,0.0051984960258037,0.0,,,none,none,2026-03-05T20:00:47.802384+00:00,True,70910.88,0.0,1.0
BTC_70750_2026-03-05T21:00,2026-03-05T20:06:55.099689+00:00,70750.0,70897.94,54,,0.5455901717458065,0.4544098282541935,0.5455901717458065,0.4544098282541935,0.67,0.33,kalshi_cli_both,-0.1244098282541935,0.1244098282541935,NO,YES,YES,BET_YES,,,,,,,,,,,,,,,,0.3599038609186519,0.8314093078123557,1.5402726050796611,4.02707443025958,1.4925373134328357,3.0303030303030303,0.0,0.0185686310827154,0.0,0.46,none,none,2026-03-05T21:00:55.099689+00:00,True,71233.32,1.0,0.0
BTC_71000_2026-03-05T21:01,2026-03-05T20:13:41.062689+00:00,71000.0,71066.05,48,,0.4744600067225685,0.5255399932774315,0.4744600067225685,0.5255399932774315,0.55,0.45,kalshi_cli_both,-0.0755399932774315,0.0755399932774315,NO,YES,NO,BET_NO,,,,,,,,,,,,,,,,0.3371145643999657,0.6934066450050572,1.9803565958875744,2.5889064574467895,1.818181818181818,2.2222222222222223,0.0,0.0137345442322602,0.0,0.27,none,none,2026-03-05T21:01:41.062689+00:00,True,71269.71,1.0,0.0
BTC_71000_2026-03-05T21:00,2026-03-05T20:37:13.991619+00:00,71000.0,71306.64,49,,0.7105057142494325,0.2894942857505674,0.4738762841997702,0.5261237158002299,0.93,0.07,kalshi_cli_both,-0.2194942857505675,0.2194942857505674,NO,YES,YES,BET_YES,,,,,,,,,,,,,,,,0.4744903532273169,3.4251269393301023,0.8858420495607882,48.059477643432274,1.7241379310344829,2.380952380952381,0.0,0.0182971923793499,0.0,0.47,none,none,2026-03-05T21:00:21.173711+00:00,True,71233.32,1.0,0.0
BTC_71250_2026-03-05T22:59,2026-03-05T22:19:32.672843+00:00,71250.0,71269.94,40,,0.5506348957478242,0.4493651042521758,0.5506348957478242,0.4493651042521758,0.49,0.51,kalshi_cli_both,0.0606348957478242,-0.0606348957478242,YES,NO,YES,BET_YES,,,,,,,,,,,,,,,,0.6743795809474655,0.3304731518054616,2.287933785460728,2.1690852300233643,2.0408163265306123,1.96078431372549,0.0118891952446714,0.0,,,none,none,2026-03-05T22:59:32.672843+00:00,True,71262.99,1.0,0.0
BTC_71000_2026-03-05T23:00,2026-03-05T22:20:30.232410+00:00,71000.0,71230.97,40,,0.6908417035639492,0.3091582964360507,0.6908417035639492,0.3091582964360507,0.84,0.16,kalshi_cli_both,-0.1491582964360507,0.1491582964360507,NO,YES,YES,BET_YES,,,,,,,,,,,,,,,,0.5132723030448412,1.241397649161368,1.0247938863641577,11.226269534753811,1.1904761904761905,6.25,0.0,0.0177569400519108,,,none,none,2026-03-05T23:00:30.232410+00:00,True,71213.53,1.0,0.0
BTC_68750_2026-03-06T15:00,2026-03-06T14:30:54.591430+00:00,68750.0,68930.81,30,,0.5235742355263275,0.4764257644736724,0.5235742355263275,0.4764257644736724,0.66,0.34,kalshi_cli_both,-0.1364257644736725,0.1364257644736724,NO,YES,YES,BET_YES,0.5235742355263275,0.66,-0.1364257644736725,0.002623065070612,,ATM,LOW,,NO_BET,0.0,0.0,,,,,0.3168685317783389,0.8776780129256503,1.5779811529696022,3.874585683659026,1.5151515151515151,2.941176470588235,0.0,0.0206705703747988,0.0,0.41,none,none,2026-03-06T15:00:54.591430+00:00,True,68397.59,0.0,1.0
BTC_69000_2026-03-06T15:01,2026-03-06T14:32:11.654952+00:00,69000.0,68764.85,29,,0.2764533546994082,0.7235466453005918,0.2764533546994082,0.7235466453005918,0.35,0.65,kalshi_cli_both,-0.0735466453005917,0.0735466453005917,NO,YES,NO,BET_NO,0.2764533546994082,0.35,-0.0735466453005917,0.0034196249973641,,ATM,LOW,,NO_BET,0.0,0.0,,,,,0.0663200824120032,0.8366953303784251,2.9759103711483,1.2889307174036284,2.857142857142857,1.5384615384615383,0.0,0.0210133272287404,0.0,0.42,none,none,2026-03-06T15:01:11.654952+00:00,True,68423.66,0.0,1.0
BTC_69000_2026-03-06T15:02,2026-03-06T14:36:34.445647+00:00,69000.0,68574.62,26,,0.165554301679895,0.834445698320105,0.165554301679895,0.834445698320105,0.22,0.78,kalshi_cli_both,-0.0544456983201049,0.0544456983201049,NO,YES,NO,BET_NO,0.165554301679895,0.22,-0.0544456983201049,0.0062031696274803,,Near,LOW,,NO_BET,0.0,0.0,,,,,-0.0819261452296729,0.9042478756535728,4.2482772281862395,0.7194313340475211,4.545454545454546,1.282051282051282,0.0,0.0247480446909567,,,none,none,2026-03-06T15:02:34.445647+00:00,True,68390.27,0.0,1.0
BTC_68750_2026-03-06T14:59,2026-03-06T14:39:39.013325+00:00,68750.0,68697.6,20,,0.2931389443040292,0.7068610556959708,0.2931389443040292,0.7068610556959708,0.47,0.53,kalshi_cli_both,-0.1768610556959707,0.1768610556959707,NO,YES,NO,BET_NO,0.2931389443040292,0.47,-0.1768610556959707,0.0007627631824109,,ATM,LOW,,NO_BET,0.0,0.0,,,,,-0.0831611741980363,1.040561160782708,2.026966299265665,1.7267867075910577,2.127659574468085,1.8867924528301885,0.0,0.0376300118502065,,,none,none,2026-03-06T14:59:39.013325+00:00,True,68286.39,0.0,1.0
BTC_68500_2026-03-06T15:00,2026-03-06T14:41:53.193844+00:00,68500.0,68747.95,19,,0.6672826984196828,0.3327173015803172,0.6672826984196828,0.3327173015803172,0.72,0.28,kalshi_cli_both,-0.0527173015803171,0.0527173015803171,NO,YES,YES,BET_YES,0.6672826984196828,0.72,-0.0527173015803171,0.0036066529983802,,ATM,HIGH,,NO_BET,0.0,0.0,,,,,0.5940642240025755,0.5209933786528785,1.267001562650108,4.639691730221546,1.3888888888888888,3.571428571428571,0.0,0.0073218474417107,,,none,none,2026-03-06T15:00:53.193844+00:00,True,68397.59,0.0,1.0
BTC_68250_2026-03-06T15:00,2026-03-06T14:42:55.879926+00:00,68250.0,68639.54,18,,0.7114730804543896,0.2885269195456104,0.7114730804543896,0.2885269195456104,0.85,0.15,kalshi_cli_both,-0.1385269195456103,0.1385269195456104,NO,YES,YES,BET_YES,0.7114730804543896,0.85,-0.1385269195456103,0.0056751545829123,,Near,VERY_HIGH,,NO_BET,0.0,0.0,,,,,0.5485002339301421,1.2120397165163463,0.972412240542722,12.065851452512938,1.1764705882352942,6.666666666666667,0.0,0.0162972846524247,,,none,none,2026-03-06T15:00:55.879926+00:00,True,68397.59,1.0,0.0
BTC_69000_2026-03-06T15:00,2026-03-06T14:44:08.933132+00:00,69000.0,68815.91,16,,0.2739652750207148,0.7260347249792851,0.2739652750207148,0.7260347249792851,0.28,0.72,kalshi_cli_both,-0.0060347249792852,0.0060347249792851,NO,NO,NO,BET_NO,0.2739652750207148,0.28,-0.0060347249792852,0.0026751081254319,,ATM,LOW,,NO_BET,0.0,0.0,,,,,0.252412685808982,0.7344162874505145,4.156777599551506,1.1351279396248255,3.571428571428571,1.3888888888888888,0.0,0.0021552589211732,,,none,none,2026-03-06T15:00:08.933132+00:00,True,68397.59,0.0,1.0
BTC_68500_2026-03-06T16:00,2026-03-06T15:22:45.533390+00:00,68500.0,68842.88,38,,0.600378419317829,0.399621580682171,0.600378419317829,0.399621580682171,0.77,0.23,kalshi_cli_both,-0.169621580682171,0.169621580682171,NO,YES,YES,BET_YES,0.600378419317829,0.77,-0.169621580682171,0.0049806167318973,,ATM,MEDIUM,,NO_BET,0.0,0.0,,,,,0.3800906521981263,1.1371067140829143,1.2677659662487053,6.861649928804271,1.2987012987012987,4.3478260869565215,0.0,0.0220287767119702,,,none,none,2026-03-06T16:00:45.533390+00:00,True,68499.99,0.0,1.0
BTC_69500_2026-03-06T16:00,2026-03-06T15:25:21.736069+00:00,69500.0,68885.06,35,,0.0870793102999993,0.9129206897000006,0.0870793102999993,0.9129206897000006,0.09,0.91,kalshi_cli_both,-0.0029206897000006,0.0029206897000005,NO,NO,NO,BET_NO,0.0870793102999993,0.09,-0.0029206897000006,0.0089270445579927,,Near,LOW,,NO_BET,0.0,0.0,,,,,0.0546272025222146,0.9161302388208804,11.66046869424699,0.3502127717750067,11.11111111111111,1.0989010989010988,0.0,0.0032452107777783,,,none,none,2026-03-06T16:00:21.736069+00:00,True,68499.99,0.0,1.0
BTC_69250_2026-03-06T16:00,2026-03-06T15:25:54.009205+00:00,69250.0,68937.56,36,,0.1999670037415811,0.8000329962584188,0.2888496513320314,0.7111503486679686,0.23,0.77,kalshi_cli_both,-0.0300329962584188,0.0300329962584188,NO,YES,NO,BET_NO,0.1999670037415811,0.23,-0.0300329962584188,0.004532217270237,,ATM,LOW,,NO_BET,0.0,0.0,,,,,0.06938875913976,0.8390368875031186,4.575312785051198,0.845339808065855,3.846153846153846,1.351351351351351,0.0038986015313555,0.0,,,none,none,2026-03-06T16:00:34.933150+00:00,True,68499.99,0.0,1.0
BTC_69000_2026-03-06T16:01,2026-03-06T15:31:03.979105+00:00,69000.0,68889.96,30,,0.2750300157741934,0.7249699842258066,0.2750300157741934,0.7249699842258066,0.61,0.39,kalshi_cli_both,-0.3349699842258065,0.3349699842258066,NO,YES,NO,BET_NO,0.2750300157741934,0.61,-0.3349699842258065,0.0015973300028043,,ATM,LOW,,NO_BET,0.0,0.0,,,,,-0.2741011059074567,1.5838673796765923,1.3889678766847222,2.5327977174495357,1.639344262295082,2.564102564102564,0.0,0.054913112168165,,,none,none,2026-03-06T16:01:03.979105+00:00,True,68567.96,0.0,1.0
BTC_69000_2026-03-06T16:00,2026-03-06T15:38:47.797748+00:00,69000.0,68988.86,37,,0.365290283601034,0.6347097163989659,0.3795283681140874,0.6204716318859126,0.5,0.5,kalshi_cli_both,-0.1347097163989659,0.1347097163989659,NO,YES,NO,BET_NO,0.365290283601034,0.5,-0.1347097163989659,0.0001614753454398,,ATM,LOW,,NO_BET,0.0,0.0,,,,,0.0958708508031022,0.9041291491968976,2.0866796307693916,2.0866796307693916,2.380952380952381,1.7241379310344829,0.0,0.0096361028299791,,,none,none,2026-03-06T16:00:48.886241+00:00,True,68499.99,0.0,1.0
BTC_68750_2026-03-06T17:01,2026-03-06T16:24:02.276496+00:00,68750.0,68309.78,37,,0.0986284321286496,0.9013715678713504,0.0986284321286496,0.9013715678713504,0.13,0.87,kalshi_cli_both,-0.0313715678713503,0.0313715678713503,NO,YES,NO,BET_NO,0.0986284321286496,0.13,-0.0313715678713503,0.0064444651995658,,Near,LOW,,NO_BET,0.0,0.0,,,,,-0.1426913207278917,0.9374308412866954,6.717012655963808,0.4107245779967831,7.692307692307692,1.1494252873563218,0.0,0.024131975285654,,,none,none,2026-03-06T17:01:02.276496+00:00,True,68467.55,0.0,1.0
BTC_68500_2026-03-06T17:00,2026-03-06T16:24:57.764434+00:00,68500.0,68380.0,36,,0.2935336445570476,0.7064663554429524,0.2935336445570476,0.7064663554429524,0.38,0.62,kalshi_cli_both,-0.0864663554429523,0.0864663554429524,NO,YES,NO,BET_NO,0.2935336445570476,0.38,-0.0864663554429523,0.0017548990933021,,ATM,LOW,,NO_BET,0.0,0.0,,,,,0.0659906039176991,0.8459282190606177,2.734893067639245,1.4157808082663426,2.6315789473684212,1.6129032258064515,0.0,0.0227543040639348,,,none,none,2026-03-06T17:00:57.764434+00:00,True,68443.78,0.0,1.0
BTC_68250_2026-03-06T17:00,2026-03-06T16:26:20.376368+00:00,68250.0,68448.38,34,,0.437606748083443,0.562393251916557,0.437606748083443,0.562393251916557,0.7,0.3,kalshi_cli_both,-0.2623932519165569,0.262393251916557,NO,YES,NO,BET_NO,0.437606748083443,0.7,-0.2623932519165569,0.0028982424419687,,ATM,LOW,,NO_BET,0.0,0.0,,,,,0.0627592453455044,1.4370374249717468,1.4515295251288791,4.62134409749798,1.4285714285714286,3.3333333333333335,0.0,0.0374847502737938,,,none,none,2026-03-06T17:00:20.376368+00:00,True,68443.78,1.0,0.0
BTC_68500_2026-03-06T17:01,2026-03-06T16:55:01.091875+00:00,68500.0,68369.48,18,,0.1605884419610773,0.8394115580389228,0.3921906581136983,0.6078093418863016,0.85,0.15,kalshi_cli_both,-0.6894115580389226,0.6894115580389227,NO,YES,NO,BET_NO,0.1605884419610773,0.85,-0.6894115580389226,0.0019090389454476,,ATM,LOW,,NO_BET,0.0,0.0,,,,,-0.6504839792611847,5.435488611631741,0.6385498905019726,7.92323235206818,2.380952380952381,1.7241379310344829,0.0,0.0066212718776908,,,none,none,2026-03-06T17:01:01.897605+00:00,True,68467.55,0.0,1.0
BTC_68000_2026-03-06T19:00,2026-03-06T18:05:56.466145+00:00,68000.0,68190.64,55,,0.5045621752659736,0.4954378247340264,0.5045621752659736,0.4954378247340264,0.65,0.35,kalshi_cli_both,-0.1454378247340264,0.1454378247340264,NO,YES,YES,BET_YES,0.5045621752659736,0.65,-0.1454378247340264,0.0027956916081151,,ATM,LOW,,NO_BET,0.0,0.0,,,,,0.2808116756751636,0.9109744668312448,1.6108126281680564,3.719078102039555,1.5384615384615383,2.857142857142857,0.0,0.0223750499590809,,,none,none,2026-03-06T19:00:56.466145+00:00,True,68164.94,1.0,0.0
BTC_68250_2026-03-06T19:00,2026-03-06T18:37:25.646179+00:00,68250.0,68335.29,56,,0.4289711503655126,0.5710288496344874,0.3129964924141487,0.6870035075858513,0.62,0.38,kalshi_cli_both,-0.1910288496344874,0.1910288496344874,NO,YES,NO,BET_NO,0.4289711503655126,0.62,-0.1910288496344874,0.0012481106028816,,ATM,LOW,,NO_BET,0.0,0.0,,,,,0.1208601025679523,1.0737363486726124,1.6723716081489122,3.2305548224261003,2.7777777777777777,1.5625,0.0,0.0130565298849586,,,none,none,2026-03-06T19:00:53.001398+00:00,True,68164.94,0.0,1.0
BTC_68250_2026-03-06T18:58,2026-03-06T18:38:43.051138+00:00,68250.0,68387.89,20,,0.5451955786454459,0.4548044213545541,0.5451955786454459,0.4548044213545541,0.75,0.25,kalshi_cli_both,-0.2048044213545541,0.2048044213545541,NO,YES,YES,BET_YES,0.5451955786454459,0.75,-0.2048044213545541,0.0020162926506432,,ATM,LOW,,NO_BET,0.0,0.0,,,,,0.2721230168393737,1.2740221067727706,1.3499900693193625,6.1989339917725825,1.3333333333333333,4.0,0.0,0.0273072561806072,,,none,none,2026-03-06T18:58:43.051138+00:00,True,68217.99,0.0,1.0
BTC_68500_2026-03-06T19:00,2026-03-06T18:40:06.919505+00:00,68500.0,68395.79,56,,0.3069669624120571,0.6930330375879429,0.2077199456142193,0.7922800543857806,0.3,0.7,kalshi_cli_both,0.0069669624120571,-0.006966962412057,NO,NO,NO,BET_NO,0.3069669624120571,0.3,0.0069669624120571,0.0015236317907872,,ATM,LOW,,NO_BET,0.0,0.0,,,,,0.3301901704522475,0.683080234142147,3.9947515157252935,1.254721494070944,5.555555555555555,1.2195121951219512,0.0033804811724657,0.0,,,none,none,2026-03-06T19:00:12.963593+00:00,True,68164.94,0.0,1.0
BTC_68500_2026-03-06T20:01,2026-03-06T19:18:03.425695+00:00,68500.0,68394.6,43,,0.2709272883554705,0.7290727116445295,0.2709272883554705,0.7290727116445295,0.36,0.64,kalshi_cli_both,-0.0890727116445294,0.0890727116445294,NO,YES,NO,BET_NO,0.2709272883554705,0.36,-0.0890727116445294,0.0015410573349357,,ATM,LOW,,NO_BET,0.0,0.0,,,,,0.0235030893428886,0.8682488235891068,2.8190086525120313,1.297033943605005,2.7777777777777777,1.5625,0.0,0.0247424199012581,,,none,none,2026-03-06T20:01:03.425695+00:00,True,68149.3,0.0,1.0
BTC_68250_2026-03-06T19:59,2026-03-06T19:19:26.160986+00:00,68250.0,68408.01,40,,0.4795082432147919,0.5204917567852081,0.4795082432147919,0.5204917567852081,0.68,0.32,kalshi_cli_both,-0.2004917567852081,0.2004917567852081,NO,YES,NO,BET_NO,0.4795082432147919,0.68,-0.2004917567852081,0.0023098172275438,,ATM,LOW,,NO_BET,0.0,0.0,,,,,0.1846674244130152,1.1470284967389834,1.5233884950256114,4.246761183239048,1.4705882352941175,3.125,0.0,0.0294840818801776,,,none,none,2026-03-06T19:59:26.160986+00:00,True,68137.92,0.0,1.0
BTC_68500_2026-03-06T20:00,2026-03-06T19:20:10.568479+00:00,68500.0,68424.26,40,,0.3078337376229169,0.692166262377083,0.3078337376229169,0.692166262377083,0.4,0.6,kalshi_cli_both,-0.092166262377083,0.092166262377083,NO,YES,NO,BET_NO,0.3078337376229169,0.4,-0.092166262377083,0.0011069173418902,,ATM,LOW,,NO_BET,0.0,0.0,,,,,0.0774180816802093,0.8457766996722214,2.61013356314927,1.515179574073046,2.5,1.6666666666666667,0.0,0.0230415655942707,,,none,none,2026-03-06T20:00:10.568479+00:00,True,68114.5,0.0,1.0
BTC_68250_2026-03-06T20:00,2026-03-06T19:22:13.009956+00:00,68250.0,68284.01,38,,0.4300951183120096,0.5699048816879904,0.4300951183120096,0.5699048816879904,0.52,0.48,kalshi_cli_both,-0.0899048816879904,0.0899048816879903,NO,YES,NO,BET_NO,0.4300951183120096,0.52,-0.0899048816879904,0.0004980668241363,,ATM,LOW,,NO_BET,0.0,0.0,,,,,0.2572011150658742,0.7572067185379703,2.0943409233927546,2.330278597150427,1.923076923076923,2.0833333333333335,0.0,0.0172894003246135,,,none,none,2026-03-06T20:00:13.009956+00:00,True,68114.5,0.0,1.0
BTC_68250_2026-03-06T21:00,2026-03-06T20:01:59.308461+00:00,68250.0,68240.6,59,,0.3302018450214052,0.6697981549785947,0.3302018450214052,0.6697981549785947,0.46,0.54,kalshi_cli_both,-0.1297981549785948,0.1297981549785947,NO,YES,NO,BET_NO,0.3302018450214052,0.46,-0.1297981549785948,0.0001377479096021,,ATM,LOW,,NO_BET,0.0,0.0,,,,,0.0480319428940252,0.910165108642659,2.227991300206985,1.7987771601495393,2.1739130434782608,1.8518518518518516,0.0,0.0282169902127379,,,none,none,2026-03-06T21:00:59.308461+00:00,True,68102.86,0.0,1.0
BTC_68000_2026-03-06T21:00,2026-03-06T20:05:49.161684+00:00,68000.0,68158.0,55,,0.5089291043147354,0.4910708956852646,0.5089291043147354,0.4910708956852646,0.66,0.34,kalshi_cli_both,-0.1510708956852646,0.1510708956852646,NO,YES,YES,BET_YES,0.5089291043147354,0.66,-0.1510708956852646,0.0023181431380028,,ATM,LOW,,NO_BET,0.0,0.0,,,,,0.2800338078219101,0.9353970594654548,1.5809924220213818,3.8819795742233807,1.5151515151515151,2.941176470588235,0.0,0.0228895296492825,,,none,none,2026-03-06T21:00:49.161684+00:00,True,68102.86,1.0,0.0
BTC_68250_2026-03-06T22:01,2026-03-06T21:06:03.091805+00:00,68250.0,68135.42,55,,0.300540476534031,0.699459523465969,0.300540476534031,0.699459523465969,0.37,0.63,kalshi_cli_both,-0.0694595234659689,0.0694595234659689,NO,YES,NO,BET_NO,0.300540476534031,0.37,-0.0694595234659689,0.0016816510414113,,ATM,LOW,,NO_BET,0.0,0.0,,,,,0.1128120347341149,0.8097127353167132,2.88206150396102,1.407212448277329,2.702702702702702,1.5873015873015872,0.0,0.0187728441799916,,,none,none,2026-03-06T22:01:03.091805+00:00,True,68302.38,1.0,0.0
BTC_68250_2026-03-06T22:00,2026-03-06T21:48:50.258581+00:00,68250.0,68270.0,12,,0.4114794732357891,0.5885205267642108,0.4114794732357891,0.5885205267642108,0.42,0.58,kalshi_cli_both,-0.0085205267642108,0.0085205267642108,NO,NO,NO,BET_NO,0.4114794732357891,0.42,-0.0085205267642108,0.0002929544455837,,ATM,LOW,,NO_BET,0.0,0.0,,,,,0.3911925047495728,0.6032110901507814,2.7681390260247847,1.7970823425524305,2.380952380952381,1.7241379310344829,0.0,0.0020286968486216,,,none,none,2026-03-06T22:00:50.258581+00:00,True,68284.83,1.0,0.0
BTC_68250_2026-03-07T01:01,2026-03-07T00:38:09.649225+00:00,68250.0,68261.89,30,,0.532069743034729,0.467930256965271,0.4114853103467344,0.5885146896532656,0.48,0.52,kalshi_cli_both,0.052069743034729,-0.052069743034729,YES,NO,YES,BET_YES,0.532069743034729,0.48,0.052069743034729,0.0001742124542124,0.0751880765405992,ATM,LOW,,NO_BET,0.0,0.0,,68231.56355805819,25431.43708028891,True,0.640548374357081,0.3677961357446383,2.3669585189953386,2.1273070509109777,2.564102564102564,1.639344262295082,0.0035221820240548,0.0,,,none,none,2026-03-07T01:01:01.113186+00:00,True,68300.0,1.0,0.0
BTC_68250_2026-03-07T01:00,2026-03-07T00:44:49.506135+00:00,68250.0,68301.63,35,,0.6851147045000747,0.3148852954999253,0.5131987633950421,0.4868012366049579,0.65,0.35,kalshi_cli_both,0.0351147045000747,-0.0351147045000747,YES,NO,YES,BET_YES,0.6851147045000747,0.65,0.0351147045000747,0.0007564835164835,0.395601596107245,ATM,HIGH,,NO_BET,0.0,0.0,,68282.29503661541,17504.5567412966,True,0.7391373268078818,0.2145575683568547,1.3901345727081575,3.2095719625235235,2.702702702702702,1.5873015873015872,0.0227299624436574,0.0,,,none,none,2026-03-07T01:00:51.047817+00:00,True,68277.44,1.0,0.0
BTC_68000_2026-03-07T06:00,2026-03-07T05:24:12.866546+00:00,68000.0,67964.46,36,,0.448460628078381,0.551539371921619,0.448460628078381,0.551539371921619,0.43,0.57,kalshi_cli_both,0.018460628078381,-0.018460628078381,NO,NO,NO,BET_NO,0.448460628078381,0.43,0.018460628078381,0.0005226470588234,-0.2174123142409184,ATM,LOW,,NO_BET,0.0,0.0,,67959.26272237033,27172.80321627533,True,0.4913923212839185,0.5191523051174417,2.7354955008432804,1.8765080616359835,2.3255813953488373,1.7543859649122808,0.0032387066804177,0.0,,,none,none,2026-03-07T06:00:12.866546+00:00,True,68013.83,1.0,0.0
BTC_68000_2026-03-07T07:00,2026-03-07T06:03:26.444677+00:00,68000.0,67994.74,57,,0.4840561455067975,0.5159438544932025,0.4840561455067975,0.5159438544932025,0.49,0.51,kalshi_cli_both,-0.0059438544932024,0.0059438544932024,NO,NO,NO,BET_NO,0.4840561455067975,0.49,-0.0059438544932024,7.735294117639355e-05,-0.0256075110484284,ATM,LOW,,NO_BET,0.0,0.0,,67990.6114199681,35439.912519160236,True,0.4719258302145477,0.5275984711465405,2.309290446305737,2.18933250199247,2.0408163265306123,1.96078431372549,0.0,0.0012130315292249,,,none,none,2026-03-07T07:00:26.444677+00:00,True,67684.0,0.0,1.0
BTC_66750_2026-03-07T07:00,2026-03-07T06:06:20.930846+00:00,66750.0,68020.0,54,,0.954767105239758,0.045232894760242,0.954767105239758,0.045232894760242,0.69,0.31,kalshi_cli_both,0.264767105239758,-0.2647671052397579,YES,NO,YES,BET_YES,0.954767105239758,0.69,0.264767105239758,0.0190262172284644,6.33820415178389,Mid,VERY_HIGH,,BET_YES,1.338487547616219,0.0854087436257283,,68021.00947967233,33176.73641987041,False,1.338487547616219,-0.8088545414970416,0.2590759251096942,0.7712071254320019,1.4492753623188408,3.2258064516129035,0.0854087436257283,0.0,,,none,none,2026-03-07T07:00:20.930846+00:00,True,67684.0,1.0,0.0
BTC_68000_2026-03-07T07:01,2026-03-07T06:26:07.376980+00:00,68000.0,67916.12,35,,0.2873960324759417,0.7126039675240583,0.2873960324759417,0.7126039675240583,0.27,0.73,kalshi_cli_both,0.0173960324759416,-0.0173960324759416,NO,NO,NO,BET_NO,0.2873960324759417,0.27,0.0173960324759416,0.0012335294117647,-0.5173382193275634,ATM,LOW,,NO_BET,0.0,0.0,,67894.5158330613,24010.531505004863,True,0.3518257823868367,0.6887737860501655,4.531154993449336,1.1502056336138804,3.7037037037037033,1.36986301369863,0.0023830181473892,0.0,,,none,none,2026-03-07T07:01:07.376980+00:00,True,67643.58,0.0,1.0
BTC_68000_2026-03-07T06:59,2026-03-07T06:32:37.664429+00:00,68000.0,67894.95,27,,0.2061158027926735,0.7938841972073265,0.2061158027926735,0.7938841972073265,0.23,0.77,kalshi_cli_both,-0.0238841972073265,0.0238841972073264,NO,NO,NO,BET_NO,0.2061158027926735,0.23,-0.0238841972073265,0.0015448529411765,-0.7317871657575805,ATM,LOW,,NO_BET,0.0,0.0,,67877.6471870758,19138.5908872881,True,0.1022714671086452,0.8249026351389193,4.679753719509605,0.8646364296602843,4.3478260869565215,1.2987012987012987,0.0,0.0103844335684028,,,none,none,2026-03-07T06:59:37.664429+00:00,True,67699.99,0.0,1.0
BTC_67750_2026-03-07T06:59,2026-03-07T06:35:28.195279+00:00,67750.0,67817.18,28,,0.6754599000809904,0.3245400999190095,0.8896308990108502,0.1103691009891497,0.7,0.3,kalshi_cli_both,-0.0245400999190095,0.0245400999190095,NO,NO,YES,BET_YES,0.6754599000809904,0.7,-0.0245400999190095,0.000991586715867,0.4955495465763798,ATM,HIGH,,NO_BET,0.0,0.0,,67786.88670666788,17062.693240449742,True,0.6404026144824053,0.4063404329823747,1.2929141832851307,4.116348462815904,1.0869565217391304,12.5,0.0,0.003300989237951,,,none,none,2026-03-07T06:59:34.690300+00:00,True,67699.99,0.0,1.0
BTC_68000_2026-03-07T13:59,2026-03-07T13:51:38.886801+00:00,68000.0,67930.27,8,,0.1687194744276431,0.8312805255723569,0.1687194744276431,0.8312805255723569,0.15,0.85,kalshi_cli_both,0.0187194744276431,-0.0187194744276431,NO,NO,NO,BET_NO,0.1687194744276431,0.15,0.0187194744276431,0.0010254411764705,-0.9720720947025648,ATM,LOW,,NO_BET,0.0,0.0,,67927.19426300692,5652.77970758462,True,0.2935159706119304,0.8092576144810121,8.243772208463342,0.6643828689011508,6.666666666666667,1.1764705882352942,0.0022022911091344,0.0,,,none,none,2026-03-07T13:59:38.886801+00:00,True,67929.99,0.0,1.0
BTC_67750_2026-03-07T15:01,2026-03-07T14:08:14.127820+00:00,67750.0,67775.13,53,,0.5005292265239799,0.4994707734760201,0.5005292265239799,0.4994707734760201,0.56,0.44,kalshi_cli_both,-0.0594707734760201,0.05947077347602,NO,YES,YES,BET_YES,0.5005292265239799,0.56,-0.0594707734760201,0.0003709225092251,0.1361514080392397,ATM,LOW,,NO_BET,0.0,0.0,,67703.49671186943,36140.53084452371,True,0.3943314167453725,0.6346316222851568,1.9400488469246655,2.677682950540455,1.7857142857142856,2.272727272727273,0.0,0.0106197809778607,,,none,none,2026-03-07T15:01:14.127820+00:00,True,68014.26,1.0,0.0
BTC_67750_2026-03-07T14:59,2026-03-07T14:21:33.729901+00:00,67750.0,67743.31,38,,0.4207197249301922,0.5792802750698078,0.4207197249301922,0.5792802750698078,0.52,0.48,kalshi_cli_both,-0.0992802750698078,0.0992802750698078,NO,YES,NO,BET_NO,0.4207197249301922,0.52,-0.0992802750698078,9.87453874539089e-05,-0.0404310800962204,ATM,LOW,,NO_BET,0.0,0.0,,67658.28181374837,36691.7261016478,True,0.2297961190267156,0.7861141814652408,2.0823901612433815,2.316981523619912,1.923076923076923,2.0833333333333335,0.0,0.0190923605903476,,,none,none,2026-03-07T14:59:33.729901+00:00,True,68040.85,1.0,0.0
BTC_67750_2026-03-07T15:00,2026-03-07T14:32:08.115783+00:00,67750.0,67803.28,28,,0.6300331271762171,0.3699668728237829,0.6300331271762171,0.3699668728237829,0.62,0.38,kalshi_cli_both,0.010033127176217,-0.010033127176217,NO,NO,YES,BET_YES,0.6300331271762171,0.62,0.010033127176217,0.0007864206642066,0.3722587756215071,ATM,MEDIUM,,NO_BET,0.0,0.0,,67753.15132318715,24306.537602872624,True,0.646215590363664,0.3435639065705802,1.591376256477703,3.0740944265065933,1.6129032258064515,2.6315789473684212,0.0026402966253202,0.0,,,none,none,2026-03-07T15:00:08.115783+00:00,True,68015.89,1.0,0.0
BTC_68000_2026-03-07T16:00,2026-03-07T15:05:04.624094+00:00,68000.0,67987.83,55,,0.5180600714946448,0.4819399285053551,0.5180600714946448,0.4819399285053551,0.48,0.52,kalshi_cli_both,0.0380600714946448,-0.0380600714946448,YES,NO,YES,BET_YES,0.5180600714946448,0.48,0.0380600714946448,0.0001789705882352,-0.0571249102551767,ATM,LOW,,NO_BET,0.0,0.0,,68007.45226898624,37534.02110237623,True,0.5973518871084884,0.4087474833233457,2.373635267335457,2.133307787175304,2.0833333333333335,1.923076923076923,0.0073192445182009,0.0,,,none,none,2026-03-07T16:00:04.624094+00:00,True,67874.75,0.0,1.0
BTC_68000_2026-03-07T15:59,2026-03-07T15:42:10.200683+00:00,68000.0,67818.32,17,,0.0281891812697721,0.9718108187302278,0.0281891812697721,0.9718108187302278,0.12,0.88,kalshi_cli_both,-0.0918108187302278,0.0918108187302277,NO,YES,NO,BET_NO,0.0281891812697721,0.12,-0.0918108187302278,0.0026717647058822,-1.478701761608836,ATM,LOW,,NO_BET,0.0,0.0,,67747.91686246586,15937.260140803137,False,-0.7369009748154596,1.0761412945600322,2.386369804669321,0.1250300906735717,8.333333333333334,1.1363636363636365,0.0,0.0765090156085231,,,none,none,2026-03-07T15:59:10.200683+00:00,True,67912.02,0.0,1.0
BTC_67750_2026-03-07T15:59,2026-03-07T15:43:04.966218+00:00,67750.0,67817.83,16,,0.6539653241703058,0.3460346758296941,0.6539653241703058,0.3460346758296941,0.71,0.29,kalshi_cli_both,-0.0560346758296941,0.0560346758296941,NO,YES,YES,BET_YES,0.6539653241703058,0.71,-0.0560346758296941,0.0010011808118081,0.5692085944223749,ATM,HIGH,,NO_BET,0.0,0.0,,67748.8748520695,14479.896442081274,True,0.5750432455369339,0.5392576959320878,1.3126527885872945,4.477728599832439,1.4084507042253522,3.4482758620689657,0.0,0.0078922078633372,,,none,none,2026-03-07T15:59:04.966218+00:00,True,67912.02,1.0,0.0
BTC_68000_2026-03-07T17:00,2026-03-07T16:12:43.272060+00:00,68000.0,67877.31,48,,0.2471917465796058,0.7528082534203941,0.2471917465796058,0.7528082534203941,0.22,0.78,kalshi_cli_both,0.0271917465796057,-0.0271917465796058,NO,NO,NO,BET_NO,0.2471917465796058,0.22,0.0271917465796057,0.0018042647058823,-0.636631873317321,ATM,LOW,,NO_BET,0.0,0.0,,67879.46409632154,29583.650364992885,True,0.3707905946687231,0.7179470398567969,5.722590079639778,0.9691012130486772,4.545454545454546,1.282051282051282,0.0034861213563597,0.0,,,none,none,2026-03-07T17:00:43.272060+00:00,True,67788.26,0.0,1.0
BTC_67750_2026-03-07T16:59,2026-03-07T16:30:49.665518+00:00,67750.0,67785.99,52,,0.577040030840217,0.4229599691597829,0.6579470468793217,0.3420529531206783,0.63,0.37,kalshi_cli_both,-0.0529599691597829,0.0529599691597829,NO,YES,YES,BET_YES,0.577040030840217,0.63,-0.0529599691597829,0.0005312177121771,0.2393434206090026,ATM,LOW,,NO_BET,0.0,0.0,,67751.52975154945,19726.05979313414,True,0.4929765877294504,0.56609502094298,1.6338016037282412,3.346130652112425,1.4925373134328357,3.0303030303030303,0.0,0.0017989482269669,,,none,none,2026-03-07T16:59:17.045925+00:00,True,67825.0,1.0,0.0
BTC_67750_2026-03-07T17:59,2026-03-07T17:17:47.412095+00:00,67750.0,67822.43,42,,0.7193075335177179,0.2806924664822821,0.7193075335177179,0.2806924664822821,0.71,0.29,kalshi_cli_both,0.0093075335177179,-0.0093075335177179,NO,NO,YES,BET_YES,0.7193075335177179,0.71,0.0093075335177179,0.0010690774907748,0.3972803624730549,ATM,VERY_HIGH,,NO_BET,0.0,0.0,,67826.24051204177,27447.803224683335,True,0.7324167356553488,0.2485975233177375,1.171172561022176,3.995110449178197,1.4084507042253522,3.4482758620689657,0.0032094943164544,0.0,,,none,none,2026-03-07T17:59:47.412095+00:00,True,67778.41,1.0,0.0
BTC_68000_2026-03-07T18:00,2026-03-07T17:23:56.487605+00:00,68000.0,67916.69,37,,0.4304426109826997,0.5695573890173002,0.4304426109826997,0.5695573890173002,0.26,0.74,kalshi_cli_both,0.1704426109826997,-0.1704426109826997,YES,NO,NO,BET_NO,0.4304426109826997,0.26,0.1704426109826997,0.0012251470588234,-0.4852113518372443,ATM,LOW,,NO_BET,0.0,0.0,,68006.317579755,23833.68290248611,True,1.0859911147623138,0.3392295363379762,5.757674932980814,1.3554634290379135,3.846153846153846,1.351351351351351,0.0230327852679323,0.0,,,none,none,2026-03-07T18:00:56.487605+00:00,True,67783.84,0.0,1.0
BTC_67750_2026-03-07T19:00,2026-03-07T18:09:13.405285+00:00,67750.0,67598.9,51,,0.1880752302315616,0.8119247697684384,0.1880752302315616,0.8119247697684384,0.28,0.72,kalshi_cli_both,-0.0919247697684383,0.0919247697684384,NO,YES,NO,BET_NO,0.1880752302315616,0.28,-0.0919247697684383,0.0022302583025831,-0.7441611038758708,ATM,LOW,,NO_BET,0.0,0.0,,67546.83518338963,53565.074427178144,True,-0.1402275189414326,0.9395980611134918,3.1911797656535605,0.871443618429236,3.571428571428571,1.3888888888888888,0.0,0.0328302749172994,,,none,none,2026-03-07T19:00:13.405285+00:00,True,67567.33,0.0,1.0
BTC_67500_2026-03-07T19:00,2026-03-07T18:30:08.738255+00:00,67500.0,67648.87,53,,0.8157681806201151,0.1842318193798848,0.7241605435666245,0.2758394564333755,0.87,0.13,kalshi_cli_both,-0.0542318193798848,0.0542318193798848,NO,YES,YES,BET_YES,0.8157681806201151,0.87,-0.0542318193798848,0.0022054814814814,0.9690017550788368,ATM,VERY_HIGH,,NO_BET,0.0,0.0,,67600.67875120648,21552.63964842875,True,0.7534327560455347,0.6013996607636145,0.694346275549721,11.355377716220676,1.4285714285714286,3.3333333333333335,0.0080535145222081,0.0,,,none,none,2026-03-07T19:00:30.093120+00:00,True,67567.33,1.0,0.0
BTC_67750_2026-03-07T18:59,2026-03-07T18:45:12.577154+00:00,67750.0,67652.61,57,,0.179040020869147,0.8209599791308531,0.0821815019301472,0.9178184980698528,0.15,0.85,kalshi_cli_both,0.029040020869147,-0.0290400208691469,NO,NO,NO,BET_NO,0.179040020869147,0.15,0.029040020869147,0.0014374907749077,-0.9098538020506324,ATM,LOW,,NO_BET,0.0,0.0,,67648.70650589651,11577.814748372037,True,0.3726401599967937,0.7867952486965626,8.639433551139396,0.6962700452220253,3.125,1.4705882352941175,0.0,0.074318280646829,,,none,none,2026-03-07T18:59:56.478492+00:00,True,67599.99,0.0,1.0
BTC_67500_2026-03-07T18:59,2026-03-07T18:53:57.082062+00:00,67500.0,67596.26,22,,0.8172361528661729,0.1827638471338271,0.4837298418073846,0.5162701581926155,0.95,0.05,kalshi_cli_both,-0.132763847133827,0.1327638471338271,NO,YES,YES,BET_YES,0.8172361528661729,0.95,-0.132763847133827,0.0014260740740739,1.4000615483106251,ATM,VERY_HIGH,,NO_BET,0.0,0.0,,67535.1080359753,4925.288911440472,True,0.6774847348305654,2.838040789810369,0.6293031043257988,65.86829948176955,1.639344262295082,2.564102564102564,0.0,0.0207000259332156,,,none,none,2026-03-07T18:59:46.567744+00:00,True,67599.99,1.0,0.0
BTC_67250_2026-03-07T19:59,2026-03-07T19:47:58.544464+00:00,67250.0,67259.37,25,,0.3473604392845124,0.6526395607154876,0.7054742345412274,0.2945257654587726,0.54,0.46,kalshi_cli_both,-0.1926395607154876,0.1926395607154875,NO,YES,NO,BET_NO,0.3473604392845124,0.54,-0.1926395607154876,0.0001393308550185,0.0913733393438632,ATM,LOW,,NO_BET,0.0,0.0,,67122.94377766788,13584.54400188911,True,-0.0093794879663906,1.0714212144448083,1.8437739428637476,2.2837249634119523,1.4925373134328357,3.0303030303030303,0.0107497680427961,0.0,,,none,none,2026-03-07T19:59:12.740135+00:00,True,67089.23,0.0,1.0
BTC_67500_2026-03-07T21:59,2026-03-07T21:21:35.299098+00:00,67500.0,67443.02,44,,0.4108900663939767,0.5891099336060233,0.4259398541138223,0.5740601458861777,0.35,0.65,kalshi_cli_both,0.0608900663939767,-0.0608900663939767,YES,NO,NO,BET_NO,0.4108900663939767,0.35,0.0608900663939767,0.000844148148148,-0.2824202985925195,ATM,LOW,,NO_BET,0.0,0.0,,67482.78922297774,38479.2228233127,True,0.5848616846624817,0.4954329083845205,3.601251367044087,1.5597793378043971,2.941176470588235,1.5151515151515151,0.0130211900172458,0.0,,,none,none,2026-03-07T21:59:52.413417+00:00,True,67438.45,0.0,1.0
BTC_67500_2026-03-07T22:59,2026-03-07T22:03:14.917953+00:00,67500.0,67431.76,56,,0.3891543156365403,0.6108456843634597,0.3891543156365403,0.6108456843634597,0.36,0.64,kalshi_cli_both,0.0291543156365403,-0.0291543156365403,NO,NO,NO,BET_NO,0.3891543156365403,0.36,0.0291543156365403,0.001010962962963,-0.2741253268206327,ATM,LOW,,NO_BET,0.0,0.0,,67432.14908653796,49286.20510314368,True,0.4701385257380414,0.5652920661813654,3.3925493679289342,1.5609216671394208,2.7777777777777777,1.5625,0.0045553618182094,0.0,,,none,none,2026-03-07T22:59:14.917953+00:00,True,67246.44,0.0,1.0
BTC_67250_2026-03-07T23:59,2026-03-07T23:01:53.965753+00:00,67250.0,67188.18,58,,0.3967331566486384,0.6032668433513616,0.3967331566486384,0.6032668433513616,0.4042889747030366,0.5957110252969634,model_implied_fallback,-0.0075558180543982,0.0075558180543982,NO,NO,NO,BET_NO,0.3967331566486384,0.4042889747030366,-0.0075558180543982,0.0009192565055763,-0.2423724119237645,ATM,LOW,,NO_BET,0.0,0.0,,67099.71748115649,58614.84448109576,True,0.3780440047618025,0.6159505402002349,2.887600647960608,1.71729604453867,2.4734782855123183,1.6786662618867891,0.0,0.0018689151886835,,,none,none,2026-03-07T23:59:53.965753+00:00,True,67276.43,1.0,0.0
BTC_67250_2026-03-08T01:55,2026-03-08T01:32:11.901823+00:00,67250.0,67118.09,23,,0.0769571053741839,0.923042894625816,0.0769571053741839,0.923042894625816,0.23,0.77,kalshi_cli_both,-0.153042894625816,0.153042894625816,NO,YES,NO,BET_NO,0.0769571053741839,0.23,-0.153042894625816,0.0019614869888476,-0.9983385731211808,ATM,LOW,,NO_BET,0.0,0.0,,66951.96512874594,18728.46951541419,True,-0.5884467843032772,1.1217999006333692,2.0315389737234653,0.3753493688424367,4.3478260869565215,1.2987012987012987,0.0,0.0665403889677461,,,none,none,2026-03-08T01:55:11.901823+00:00,True,67350.0,1.0,0.0
BTC_67250_2026-03-08T01:59,2026-03-08T01:38:44.540796+00:00,67250.0,67244.99,32,,0.6390648448501437,0.3609351551498563,0.5780552350691643,0.4219447649308356,0.49,0.51,kalshi_cli_both,0.1490648448501437,-0.1490648448501437,YES,NO,YES,BET_YES,0.6390648448501437,0.49,0.1490648448501437,7.449814126386262e-05,-0.0387297253631705,ATM,MEDIUM,,NO_BET,0.0,0.0,,67353.90045078541,19969.689910983085,True,0.9432788139320696,0.0686511456397706,2.13282139572845,2.0220302777778123,1.7857142857142856,2.272727272727273,0.0041034625157191,0.0,,,none,none,2026-03-08T01:59:42.271747+00:00,True,67292.69,1.0,0.0
BTC_67250_2026-03-08T02:00,2026-03-08T01:40:04.326812+00:00,67250.0,67230.68,26,,0.5189520619969186,0.4810479380030814,0.0983972026768599,0.90160279732314,0.44,0.56,kalshi_cli_both,0.0789520619969185,-0.0789520619969186,YES,NO,YES,BET_YES,0.5189520619969186,0.44,0.0789520619969185,0.0002872862453532,-0.1532141812014991,ATM,LOW,,NO_BET,0.0,0.0,,67264.27189170268,18544.94387447011,True,0.69838856653537,0.3400621130085839,2.6738388584504147,1.937263705231453,5.0,1.25,0.0,0.05080139866157,,,none,none,2026-03-08T02:00:03.054884+00:00,True,67292.02,1.0,0.0
BTC_67250_2026-03-08T01:58,2026-03-08T01:43:59.665875+00:00,67250.0,67280.51,15,,0.7196090773021209,0.2803909226978791,0.7196090773021209,0.2803909226978791,0.6,0.4,kalshi_cli_both,0.1196090773021208,-0.1196090773021208,YES,NO,YES,BET_YES,0.7196090773021209,0.6,0.1196090773021208,0.0004536802973976,0.2790520820653887,ATM,VERY_HIGH,,BET_YES,0.9189575394723224,0.0299022693255302,,67326.66154677188,13858.379728959795,True,0.9189575394723224,-0.018631770557423,1.4348220669618563,2.4717052012897613,1.6666666666666667,2.5,0.0299022693255302,0.0,,,none,none,2026-03-08T01:58:59.665875+00:00,True,67305.15,1.0,0.0
BTC_67000_2026-03-08T03:59,2026-03-08T03:19:30.748630+00:00,67000.0,66994.96,40,,0.4485235699420942,0.5514764300579058,0.4485235699420942,0.5514764300579058,0.51,0.49,kalshi_cli_both,-0.0614764300579058,0.0614764300579058,NO,YES,NO,BET_NO,0.4485235699420942,0.51,-0.0614764300579058,7.522388059691937e-05,-0.0231248226809855,ATM,LOW,,NO_BET,0.0,0.0,,66912.32570516762,48949.08809655996,True,0.3279815502207102,0.6769385322168973,2.1683319450837373,2.2871392265196606,1.96078431372549,2.0408163265306123,0.0,0.0120542019721383,,,none,none,2026-03-08T03:59:30.748630+00:00,True,67048.04,1.0,0.0
BTC_67250_2026-03-08T03:40,2026-03-08T03:20:39.655929+00:00,67250.0,67009.76,20,,0.0317957796450184,0.9682042203549815,0.0317957796450184,0.9682042203549815,0.13,0.87,kalshi_cli_both,-0.0982042203549815,0.0982042203549815,NO,YES,NO,BET_NO,0.0317957796450184,0.13,-0.0982042203549815,0.003572342007435,-1.560226208094854,ATM,LOW,,NO_BET,0.0,0.0,,66931.49814002769,23070.61266500172,False,-0.723621300008686,1.0810826345561098,2.32598351411561,0.1422267079420188,7.692307692307692,1.1494252873563218,0.0,0.0755417079653704,,,none,none,2026-03-08T03:40:39.655929+00:00,True,66986.39,0.0,1.0
BTC_67500_2026-03-08T15:00,2026-03-08T14:15:15.458188+00:00,67500.0,67319.82,45,,0.2162591077970598,0.7837408922029402,0.2162591077970598,0.7837408922029402,0.21,0.79,kalshi_cli_both,0.0062591077970598,-0.0062591077970598,NO,NO,NO,BET_NO,0.2162591077970598,0.21,0.0062591077970598,0.0026693333333332,-0.6198908918091987,ATM,LOW,,NO_BET,0.0,0.0,,67397.04791449178,76035.82138505238,False,0.246064383021154,0.775817970940839,5.6270278555356175,0.8701593543166015,4.761904761904762,1.2658227848101264,0.0007922921262101,0.0,,,none,none,2026-03-08T15:00:15.458188+00:00,True,67334.52,0.0,1.0
BTC_66999.99_2026-03-08T15:01,2026-03-08T14:16:35.764244+00:00,66999.99,67391.12,45,KXBTCD-26MAR0811-T66999.99,0.9275488407062816,0.0724511592937184,0.9275488407062816,0.0724511592937184,0.88,0.12,kalshi_cli_both,0.0475488407062815,-0.0475488407062815,YES,NO,YES,BET_YES,0.9275488407062816,0.88,0.0475488407062815,0.0058377620653374,1.3400601056429997,Near,VERY_HIGH,,BET_YES,0.9815816142361468,0.0396240339219013,,67535.31142688483,78274.66756018449,False,0.9815816142361468,-0.3237891799252941,0.3067132092621256,5.854039914177815,1.1363636363636365,8.333333333333334,0.0396240339219013,0.0,,,none,none,2026-03-08T15:01:35.764244+00:00,True,67325.77,1.0,0.0
BTC_67500_2026-03-08T14:59,2026-03-08T14:19:42.886905+00:00,67500.0,67370.07,40,,0.3828724105030315,0.6171275894969686,0.3828724105030315,0.6171275894969686,0.3,0.7,kalshi_cli_both,0.0828724105030315,-0.0828724105030314,YES,NO,NO,BET_NO,0.3828724105030315,0.3,0.0828724105030315,0.0019248888888887,-0.4732484454914616,ATM,LOW,,NO_BET,0.0,0.0,,67471.79930838032,68074.76473535926,True,0.6591137788464698,0.498738431635495,4.436834510509823,1.393576447510693,3.3333333333333335,1.4285714285714286,0.0118389157861473,0.0,,,none,none,2026-03-08T14:59:42.886905+00:00,True,67298.79,0.0,1.0
BTC_67249.99_2026-03-08T15:01,2026-03-08T14:32:21.463943+00:00,67249.99,67299.06,45,KXBTCD-26MAR0811-T67249.99,0.7308727080356374,0.2691272919643626,0.7474012371062873,0.2525987628937127,0.59,0.41,kalshi_cli_both,0.1408727080356374,-0.1408727080356374,YES,NO,YES,BET_YES,0.7308727080356374,0.59,0.1408727080356374,0.0007296655360096,0.2077162498913404,ATM,VERY_HIGH,,BET_YES,0.9696400097909552,0.0343591970818627,,67438.56907419964,49237.677000994416,True,0.9696400097909552,-0.0744646788542653,1.428531139572413,2.3263229127640668,1.6949152542372885,2.4390243902439024,0.0383905456356798,0.0,,,none,none,2026-03-08T15:01:15.676566+00:00,True,67325.77,1.0,0.0
BTC_67499.99_2026-03-08T14:59,2026-03-08T14:38:52.414202+00:00,67499.99,67285.91,21,KXBTCD-26MAR0811-T67499.99,0.1341238163741066,0.8658761836258934,0.1341238163741066,0.8658761836258934,0.09,0.91,kalshi_cli_both,0.0441238163741066,-0.0441238163741066,YES,NO,NO,BET_NO,0.1341238163741066,0.09,0.0441238163741066,0.0031715560254157,-1.0531301434339764,ATM,LOW,,NO_BET,0.0,0.0,,67354.56553596428,39401.33302419244,False,0.6243884427530694,0.8173884733246771,17.034511104837428,0.5116178008179543,11.11111111111111,1.0989010989010988,0.0048487710301216,0.0,,,none,none,2026-03-08T14:59:52.414202+00:00,True,67298.79,0.0,1.0
BTC_66999.99_2026-03-08T15:00,2026-03-08T14:46:30.306512+00:00,66999.99,67100.91,14,KXBTCD-26MAR0811-T66999.99,0.786821598641996,0.213178401358004,0.786821598641996,0.213178401358004,0.67,0.3299999999999999,kalshi_cli_both,0.1168215986419959,-0.1168215986419959,YES,NO,YES,BET_YES,0.786821598641996,0.67,0.1168215986419959,0.0015062688815326,0.5998932600511552,ATM,VERY_HIGH,,BET_YES,0.9611821936300496,0.0354004844369684,,67138.8530188308,27930.38266930774,True,0.9611821936300496,-0.1408264430116806,1.042084199451386,2.724550589258296,1.4925373134328357,3.0303030303030307,0.0354004844369684,0.0,,,none,none,2026-03-08T15:00:30.306512+00:00,True,67334.52,1.0,0.0
BTC_67250_2026-03-08T15:00,2026-03-08T14:47:40.681771+00:00,67250.0,67123.99,44,,0.2062371898599506,0.7937628101400493,0.8007515454795966,0.1992484545204034,0.16,0.84,kalshi_cli_both,0.0462371898599506,-0.0462371898599506,YES,NO,NO,BET_NO,0.2062371898599506,0.16,0.0462371898599506,0.00187375464684,-0.7794523499541058,ATM,LOW,,NO_BET,0.0,0.0,,67137.41228110825,25359.18128831918,True,0.4952196264846424,0.7387185364972509,8.604660560588783,0.7854794069776933,1.4285714285714286,3.3333333333333335,0.0335838484931988,0.0,,,none,none,2026-03-08T15:00:37.871267+00:00,True,67334.52,1.0,0.0
BTC_67499.99_2026-03-08T15:00,2026-03-08T14:54:16.419186+00:00,67499.99,67301.69,45,KXBTCD-26MAR0811-T67499.99,0.0820537951012724,0.9179462048987276,0.378490490661958,0.6215095093380419,0.04,0.96,kalshi_cli_both,0.0420537951012724,-0.0420537951012723,YES,NO,NO,BET_NO,0.0820537951012724,0.04,0.0420537951012724,0.0029377782130042,-1.8015096267464936,ATM,LOW,,NO_BET,0.0,0.0,,67410.96358050735,12112.081603627188,False,1.1333986726330827,0.8741401683349022,50.91697559206756,0.3139681397840499,4.545454545454546,1.282051282051282,0.02031929367461,0.0,,,none,none,2026-03-08T15:00:54.260601+00:00,True,67334.52,0.0,1.0
BTC_67249.99_2026-03-08T15:00,2026-03-08T14:57:14.795235+00:00,67249.99,67293.81,46,KXBTCD-26MAR0811-T67249.99,0.818190000826525,0.1818099991734749,0.6404817552424464,0.3595182447575535,0.77,0.2299999999999999,kalshi_cli_both,0.048190000826525,-0.048190000826525,YES,NO,YES,BET_YES,0.818190000826525,0.77,0.048190000826525,0.000651598609903,0.5635408540884057,ATM,VERY_HIGH,,NO_BET,0.0,0.0,,67328.658347922,5942.505691569644,True,0.8807744174843497,-0.0277117435505468,0.7860261865718582,4.254284048252341,1.7543859649122808,2.325581395348837,0.0163911058703363,0.0,,,none,none,2026-03-08T15:00:53.732317+00:00,True,67334.52,1.0,0.0
BTC_67249.99_2026-03-08T16:00,2026-03-08T15:57:35.032279+00:00,67249.99,67212.28,51,KXBTCD-26MAR0812-T67249.99,0.3626086884544083,0.6373913115455917,0.6191620117026744,0.3808379882973256,0.23,0.77,kalshi_cli_both,0.1326086884544083,-0.1326086884544083,YES,NO,NO,BET_NO,0.3626086884544083,0.23,0.1326086884544083,0.0005607435778058,-0.4877282002069137,ATM,LOW,,NO_BET,0.0,0.0,,67236.10199128687,5470.302602631374,True,0.9391682034735748,0.4651722356307757,6.609960984169664,1.221263640802264,2.0,2.0,0.0238324023405348,0.0,,,none,none,2026-03-08T16:00:22.258655+00:00,True,67201.03,0.0,1.0
BTC_67249.99_2026-03-08T17:02,2026-03-08T16:03:56.943071+00:00,67249.99,67218.93,59,KXBTCD-26MAR0813-T67249.99,0.4899546830664639,0.5100453169335362,0.4899546830664639,0.5100453169335362,0.41,0.5900000000000001,kalshi_cli_both,0.0799546830664639,-0.0799546830664639,YES,NO,NO,BET_NO,0.4899546830664639,0.41,0.0799546830664639,0.0004618588047375,-0.0908885867817048,ATM,LOW,,NO_BET,0.0,0.0,,67223.95032093237,98817.99464516228,True,0.6849661051797904,0.3745289049564786,2.9555287568428197,1.814909202796433,2.4390243902439024,1.6949152542372878,0.0135516411977057,0.0,,,none,none,2026-03-08T17:02:56.943071+00:00,True,66823.04,0.0,1.0
BTC_67250_2026-03-08T17:00,2026-03-08T16:20:52.144642+00:00,67250.0,67119.99,40,,0.3280002872897484,0.6719997127102515,0.3280002872897484,0.6719997127102515,0.26,0.74,kalshi_cli_both,0.0680002872897484,-0.0680002872897485,YES,NO,NO,BET_NO,0.3280002872897484,0.26,0.0680002872897484,0.0019332342007434,-0.463754202448021,ATM,HIGH,,NO_BET,0.0,0.0,,67144.40039727202,56079.01886420645,True,0.5895398537887808,0.5801074325889697,5.176517729270463,1.2186482483754828,3.846153846153846,1.351351351351351,0.0091892280121281,0.0,,,none,none,2026-03-08T17:00:52.144642+00:00,True,66867.19,0.0,1.0
BTC_67249.99_2026-03-08T17:00,2026-03-08T16:29:17.756809+00:00,67249.99,67122.62,55,KXBTCD-26MAR0813-T67249.99,0.2868246766254113,0.7131753233745887,0.5326466417054385,0.4673533582945615,0.22,0.78,kalshi_cli_both,0.0668246766254113,-0.0668246766254113,YES,NO,NO,BET_NO,0.2868246766254113,0.22,0.0668246766254113,0.0018939779767998,-0.5280654659912696,ATM,LOW,,NO_BET,0.0,0.0,,67118.5446370497,40008.154930041645,True,0.5905732067409176,0.6275026610343176,6.290528293197549,1.0652796224814525,2.2222222222222223,1.818181818181818,0.0150266621282615,0.0,,,none,none,2026-03-08T17:00:36.386722+00:00,True,66867.19,0.0,1.0
BTC_66999.99_2026-03-08T17:00,2026-03-08T16:57:27.974420+00:00,66999.99,66928.24,21,KXBTCD-26MAR0813-T66999.99,0.1580248833633071,0.8419751166366929,0.3307398565324225,0.6692601434675775,0.04,0.96,kalshi_cli_both,0.1180248833633071,-0.118024883363307,YES,NO,NO,BET_NO,0.1580248833633071,0.04,0.1180248833633071,0.0010708956822232,-0.9588185523386706,ATM,LOW,,NO_BET,0.0,0.0,,66927.80324293581,5531.5326013315325,True,3.108646967445985,0.7190325297999147,89.94384125049253,0.5546185764978647,4.166666666666667,1.3157894736842106,0.0119394548068977,0.0,,,none,none,2026-03-08T17:00:48.781777+00:00,True,66867.19,0.0,1.0
BTC_67499.99_2026-03-08T18:02,2026-03-08T17:04:22.537281+00:00,67499.99,67079.99,58,KXBTCD-26MAR0814-T67499.99,0.1428562112263808,0.8571437887736192,0.1428562112263808,0.8571437887736192,0.04,0.96,kalshi_cli_both,0.1028562112263808,-0.1028562112263807,YES,NO,NO,BET_NO,0.1428562112263808,0.04,0.1028562112263808,0.006222223144033,-1.2791718825545797,Near,LOW,,NO_BET,0.0,0.0,,67254.94064983662,115754.79576023595,False,2.7142614918859014,0.7500019020794726,82.77506035892696,0.5104138927971514,25.0,1.0416666666666667,0.0107141886694146,0.0,,,none,none,2026-03-08T18:02:22.537281+00:00,True,67030.79,0.0,1.0
BTC_67249.99_2026-03-08T18:02,2026-03-08T17:04:41.424388+00:00,67249.99,67057.13,58,KXBTCD-26MAR0814-T67249.99,0.3915716145678345,0.6084283854321655,0.3915716145678345,0.6084283854321655,0.13,0.87,kalshi_cli_both,0.2615716145678345,-0.2615716145678345,YES,NO,NO,BET_NO,0.3915716145678345,0.13,0.2615716145678345,0.0028678071178895,-0.5862541358272586,ATM,LOW,,NO_BET,0.0,0.0,,67275.38710110291,117433.53303931675,False,2.4036609573973307,0.3077713571932752,18.000760409081266,1.1006909025363814,7.692307692307692,1.1494252873563218,0.030065702823889,0.0,,,none,none,2026-03-08T18:02:41.424388+00:00,True,67030.79,0.0,1.0
BTC_66999.99_2026-03-08T18:02,2026-03-08T17:04:57.612130+00:00,66999.99,67126.72,58,KXBTCD-26MAR0814-T66999.99,0.7824107122929151,0.2175892877070848,0.7824107122929151,0.2175892877070848,0.3,0.7,kalshi_cli_both,0.4824107122929151,-0.4824107122929151,YES,NO,YES,BET_YES,0.7824107122929151,0.3,0.4824107122929151,0.0018914928196257,0.3828532392769997,ATM,VERY_HIGH,,BET_YES,2.390446419935966,0.068915816041845,,67403.81133336379,121813.03008920672,True,2.390446419935966,-0.4715688727113653,3.1968075599325783,1.004093281413433,3.3333333333333335,1.4285714285714286,0.068915816041845,0.0,,,none,none,2026-03-08T18:02:57.612130+00:00,True,67030.79,1.0,0.0
BTC_66749.99_2026-03-08T18:03,2026-03-08T17:05:12.377367+00:00,66749.99,67131.3,58,KXBTCD-26MAR0814-T66749.99,0.8828350649255176,0.1171649350744824,0.8828350649255176,0.1171649350744824,0.66,0.3399999999999999,kalshi_cli_both,0.2228350649255175,-0.2228350649255175,YES,NO,YES,BET_YES,0.8828350649255176,0.66,0.2228350649255175,0.0057125102191026,1.153130691383219,Near,VERY_HIGH,,BET_YES,1.2204639511763018,0.0655397249780934,,67383.32098447207,121888.65334119514,False,1.2204639511763018,-0.5382323147064515,0.6543431126669217,1.6066785409755648,1.5151515151515151,2.9411764705882355,0.0655397249780934,0.0,,,none,none,2026-03-08T18:03:12.377367+00:00,True,67017.33,1.0,0.0
BTC_66499.99_2026-03-08T18:03,2026-03-08T17:05:28.475725+00:00,66499.99,67159.3,58,KXBTCD-26MAR0814-T66499.99,0.9482547956923564,0.0517452043076436,0.9482547956923564,0.0517452043076436,0.89,0.1099999999999999,kalshi_cli_both,0.0582547956923563,-0.0582547956923563,YES,NO,YES,BET_YES,0.9482547956923564,0.89,0.0582547956923563,0.0099144375811183,1.9950602938466784,Near,VERY_HIGH,,BET_YES,1.0137096223129816,0.0529589051748694,,67368.89730906698,121370.3763253438,False,1.0137096223129816,-0.4778438474410507,0.2212782605676318,4.996383219076051,1.1235955056179776,9.090909090909092,0.0529589051748694,0.0,,,none,none,2026-03-08T18:03:28.475725+00:00,True,67017.33,1.0,0.0
BTC_67250_2026-03-08T18:00,2026-03-08T17:10:08.343309+00:00,67250.0,67126.0,50,,0.3030270898197453,0.6969729101802546,0.3030270898197453,0.6969729101802546,0.34,0.66,kalshi_cli_both,-0.0369729101802547,0.0369729101802546,NO,NO,NO,BET_NO,0.3030270898197453,0.34,-0.0369729101802547,0.0018438661710037,-0.4119377690136984,ATM,HIGH,,NO_BET,0.0,0.0,,67072.66779538544,98399.51680512437,True,0.1942832363484079,0.7529924710594282,3.280568541691486,1.336059066043279,2.941176470588235,1.5151515151515151,0.0,0.0108743853471337,,,none,none,2026-03-08T18:00:08.343309+00:00,True,67057.0,0.0,1.0
BTC_67249.99_2026-03-08T18:01,2026-03-08T17:33:04.947589+00:00,67249.99,67104.0,28,KXBTCD-26MAR0814-T67249.99,0.3196854802079393,0.6803145197920607,0.3196854802079393,0.6803145197920607,0.19,0.81,kalshi_cli_both,0.1296854802079393,-0.1296854802079393,YES,NO,NO,BET_NO,0.3196854802079393,0.19,0.1296854802079393,0.0021708553413912,-0.6626624898430701,ATM,LOW,,NO_BET,0.0,0.0,,67161.24960347023,38876.27716145446,True,1.0022406391970935,0.520208988671148,8.531381689297831,1.0859748400162574,5.2631578947368425,1.2345679012345678,0.0160105531120912,0.0,,,none,none,2026-03-08T18:01:04.947589+00:00,True,67030.82,0.0,1.0
BTC_66999.99_2026-03-08T18:01,2026-03-08T17:33:20.354933+00:00,66999.99,67104.01,29,KXBTCD-26MAR0814-T66999.99,0.7745754792927773,0.2254245207072227,0.7817049588808616,0.2182950411191384,0.71,0.29,kalshi_cli_both,0.0645754792927773,-0.0645754792927773,YES,NO,YES,BET_YES,0.7745754792927773,0.71,0.0645754792927773,0.0015525375451547,0.4718754384141028,ATM,VERY_HIGH,,BET_YES,0.8655268585783791,0.0222674066526818,,67123.92933183309,39176.21827048012,True,0.8655268585783791,0.0027504541804045,1.0128390162170906,3.455002167650378,1.4084507042253522,3.4482758620689653,0.0247258478899522,0.0,,,none,none,2026-03-08T18:01:10.601694+00:00,True,67030.82,1.0,0.0
BTC_67000_2026-03-08T18:00,2026-03-08T17:34:55.610304+00:00,67000.0,66997.98,53,,0.4309145570093393,0.5690854429906607,0.7073601003311666,0.2926398996688334,0.46,0.54,kalshi_cli_both,-0.0290854429906607,0.0290854429906606,NO,NO,NO,BET_NO,0.4309145570093393,0.46,-0.0290854429906607,3.0149253731404094e-05,-0.009482411832017,ATM,LOW,,NO_BET,0.0,0.0,,66923.19504847846,37634.13378324059,True,0.3676853331165985,0.622947374454847,2.4703511477304207,1.9944472950472747,1.5151515151515151,2.941176470588235,0.0139294412738725,0.0,,,none,none,2026-03-08T18:00:26.393912+00:00,True,67057.0,1.0,0.0
BTC_67249.99_2026-03-08T18:00,2026-03-08T17:50:23.039455+00:00,67249.99,67067.64,43,KXBTCD-26MAR0814-T67249.99,0.0867889808315524,0.9132110191684476,0.3367469343035062,0.6632530656964938,0.04,0.96,kalshi_cli_both,0.0467889808315524,-0.0467889808315524,YES,NO,NO,BET_NO,0.0867889808315524,0.04,0.0467889808315524,0.0027115245667695,-1.3777413747400309,ATM,LOW,,NO_BET,0.0,0.0,,67120.44118255662,13615.231064613725,False,1.2565135016203646,0.8644724974689137,53.577497859134475,0.3303736551810639,3.7037037037037033,1.36986301369863,0.0091434156580145,0.0,,,none,none,2026-03-08T18:00:16.738219+00:00,True,67057.0,0.0,1.0
BTC_66999.99_2026-03-08T18:00,2026-03-08T17:56:25.356101+00:00,66999.99,66977.47,46,KXBTCD-26MAR0814-T66999.99,0.3064591227980159,0.693540877201984,0.6531069454739462,0.3468930545260538,0.2,0.8,kalshi_cli_both,0.1064591227980159,-0.106459122798016,YES,NO,NO,BET_NO,0.3064591227980159,0.2,0.1064591227980159,0.0003361194531522,-0.2700413084408738,ATM,LOW,,NO_BET,0.0,0.0,,66946.95996469741,5800.441448687898,True,0.8387547367880959,0.560466973704464,7.651509438667914,1.0759935148126758,1.639344262295082,2.564102564102564,0.0110530629420374,0.0,,,none,none,2026-03-08T18:00:41.190113+00:00,True,67057.0,1.0,0.0
BTC_66999.99_2026-03-08T21:03,2026-03-08T18:25:06.765389+00:00,66999.99,66957.17,158,KXBTCD-26MAR0817-T66999.99,0.5057909356289303,0.4942090643710697,0.5057909356289303,0.4942090643710697,0.46,0.54,kalshi_cli_both,0.0457909356289302,-0.0457909356289303,YES,NO,YES,BET_YES,0.5057909356289303,0.46,0.0457909356289302,0.0006391045730007,-0.0900895602182399,ATM,LOW,,NO_BET,0.0,0.0,,66999.49241086036,211974.00969355457,True,0.6053364478657353,0.4094110354286061,2.5180931802059394,2.03299200461957,2.1739130434782608,1.8518518518518516,0.0084798028942463,0.0,,,none,none,2026-03-08T21:03:06.765389+00:00,True,67226.99,1.0,0.0
BTC_66999.99_2026-03-08T19:00,2026-03-08T18:33:46.894081+00:00,66999.99,66968.21,34,KXBTCD-26MAR0815-T66999.99,0.4827421087605552,0.5172578912394448,0.5525961104376336,0.4474038895623664,0.43,0.5700000000000001,kalshi_cli_both,0.0527421087605551,-0.0527421087605552,YES,NO,NO,BET_NO,0.4827421087605552,0.43,0.0527421087605551,0.0004743284290042,-0.1671665124553388,ATM,LOW,,NO_BET,0.0,0.0,,66967.13705232952,34820.33171562969,True,0.6053981756455673,0.4247278758700495,2.7615790026877476,1.8944009448345671,2.564102564102564,1.639344262295082,0.0266551000717432,0.0,,,none,none,2026-03-08T19:00:43.026408+00:00,True,66805.84,0.0,1.0
BTC_66499.99_2026-03-08T21:02,2026-03-08T18:35:51.424822+00:00,66499.99,66957.62,154,KXBTCD-26MAR0817-T66499.99,0.8003555490549881,0.1996444509450119,0.7849657324033905,0.2150342675966094,0.76,0.24,kalshi_cli_both,0.040355549054988,-0.040355549054988,YES,NO,YES,BET_YES,0.8003555490549881,0.76,0.040355549054988,0.0068816551701735,1.0276244601193207,Near,VERY_HIGH,,BET_YES,0.8534549557062883,0.016814812106245,,66955.97767738214,195435.8793102042,False,0.8534549557062883,0.0314963298825616,0.8569162035402583,4.265413025832041,1.3888888888888888,3.571428571428571,0.0232020472869251,0.0,,,none,none,2026-03-08T21:02:49.991665+00:00,True,67217.57,1.0,0.0
BTC_66499.99_2026-03-08T21:01,2026-03-08T18:56:40.738591+00:00,66499.99,66862.49,125,KXBTCD-26MAR0817-T66499.99,0.7804319723221351,0.2195680276778648,0.7804319723221351,0.2195680276778648,0.73,0.27,kalshi_cli_both,0.0504319723221351,-0.0504319723221351,YES,NO,YES,BET_YES,0.7804319723221351,0.73,0.0504319723221351,0.0054511286392674,0.8889139026461959,Near,VERY_HIGH,,BET_YES,0.849516865914101,0.0186785082674574,,66856.60770453906,166702.68707857255,False,0.849516865914101,0.0327829450032902,0.9623889764409178,3.791264352044325,1.36986301369863,3.7037037037037033,0.0186785082674574,0.0,,,none,none,2026-03-08T21:01:40.738591+00:00,True,67252.0,1.0,0.0
BTC_65999.99_2026-03-08T21:02,2026-03-08T18:57:06.874888+00:00,65999.99,66849.35,150,KXBTCD-26MAR0817-T65999.99,0.929903259279707,0.070096740720293,0.9421260316302568,0.0578739683697433,0.87,0.13,kalshi_cli_both,0.0599032592797069,-0.0599032592797069,YES,NO,YES,BET_YES,0.929903259279707,0.87,0.0599032592797069,0.0128690928589534,2.089462161831822,Mid,VERY_HIGH,,BET_YES,0.9987575802908644,0.0460794302151591,,66827.52108457875,165872.6906972,False,0.9987575802908644,-0.3906975614312991,0.3011482216021264,4.924994812066789,1.1111111111111112,10.000000000000002,0.0421260316302566,0.0,,,none,none,2026-03-08T21:02:55.066258+00:00,True,67217.57,1.0,0.0
BTC_66499.99_2026-03-08T21:03,2026-03-08T19:04:24.339959+00:00,66499.99,66893.97,174,KXBTCD-26MAR0817-T66499.99,0.8069641033318588,0.1930358966681412,0.7781294097664198,0.2218705902335802,0.73,0.27,kalshi_cli_both,0.0769641033318587,-0.0769641033318587,YES,NO,YES,BET_YES,0.8069641033318588,0.73,0.0769641033318587,0.0059245121690995,0.9856083622647116,Near,VERY_HIGH,,BET_YES,0.9123943818686514,0.0285052234562439,,66995.37791600442,155864.93546045065,False,0.9123943818686514,-0.0920163378942986,0.8748604413927895,3.4464517836981585,1.3888888888888888,3.571428571428571,0.020760503488007,0.0,,,none,none,2026-03-08T21:03:05.742770+00:00,True,67226.99,1.0,0.0
BTC_65999.99_2026-03-08T21:03,2026-03-08T19:04:40.687141+00:00,65999.99,66890.1,174,KXBTCD-26MAR0817-T65999.99,0.9511817375384594,0.0488182624615406,0.9182782073047426,0.0817217926952573,0.9,0.0999999999999999,kalshi_cli_both,0.0511817375384593,-0.0511817375384593,YES,NO,YES,BET_YES,0.9511817375384594,0.9,0.0511817375384593,0.0134865171949268,2.2323453842054843,Mid,VERY_HIGH,,BET_YES,1.0080503348034142,0.0511817375384593,,66953.44305422237,152802.58142778432,False,1.0080503348034142,-0.4629991129230528,0.2069512263697705,5.618639805124991,1.162790697674419,7.142857142857142,0.041627290931959,0.0,,,none,none,2026-03-08T21:03:24.786284+00:00,True,67226.99,1.0,0.0
BTC_66500_2026-03-09T00:59,2026-03-09T00:37:12.859265+00:00,66500.0,66594.02,25,,0.6636004518320795,0.3363995481679205,0.4624595839010219,0.5375404160989781,0.63,0.37,kalshi_cli_both,0.0336004518320794,-0.0336004518320794,NO,NO,YES,BET_YES,0.6636004518320795,0.63,0.0336004518320794,0.0014138345864662,0.2635100876905651,ATM,LOW,0.3701639240640514,NO_BET,0.0,0.0,,66817.352359194,142551.64156568702,True,0.7169345023591898,0.2455875161893272,1.4943632778553937,3.060552002160271,2.405796913306685,1.7113403013866502,0.0080085422305669,0.0,,,none,none,2026-03-09T00:59:29.624620+00:00,True,66401.66,0.0,1.0
BTC_66250_2026-03-09T01:00,2026-03-09T00:43:04.444304+00:00,66250.0,66496.32,17,,0.7075425778241041,0.2924574221758959,0.7075425778241041,0.2924574221758959,0.85,0.15,kalshi_cli_both,-0.1424574221758958,0.1424574221758958,NO,YES,YES,BET_YES,0.7075425778241041,0.85,-0.1424574221758958,0.0037180377358491,0.7820719762887575,ATM,MEDIUM,0.5101205714169994,NO_BET,0.0,0.0,,66597.02108048544,110623.4316168058,False,0.5399456105583443,1.242173570015202,0.980213845384367,12.162655052041837,1.1764705882352942,6.666666666666667,0.0,0.0167596967265759,,,none,none,2026-03-09T01:00:04.444304+00:00,True,66354.36,1.0,0.0
BTC_66250_2026-03-09T00:59,2026-03-09T00:54:40.072653+00:00,66250.0,66321.19,24,,0.6083966804546841,0.3916033195453159,0.7509099081757291,0.2490900918242709,0.72,0.28,kalshi_cli_both,-0.1116033195453158,0.1116033195453158,NO,YES,YES,BET_YES,0.6083966804546841,0.72,-0.1116033195453158,0.0010745660377358,0.4160905455747257,ATM,LOW,0.3668414899841418,NO_BET,0.0,0.0,,66265.34293910697,29482.848465619565,True,0.4533920699750786,0.7901866036357297,1.359643658096244,4.978942112212221,1.3157894736842106,4.166666666666667,0.0,0.0011960647137198,,,none,none,2026-03-09T00:59:30.118595+00:00,True,66401.66,1.0,0.0
BTC_66250_2026-03-09T01:59,2026-03-09T01:29:57.010136+00:00,66250.0,66467.29,35,,0.6129384834404251,0.3870615165595749,0.738444380641754,0.261555619358246,0.78,0.22,kalshi_cli_both,-0.1670615165595749,0.1670615165595748,NO,YES,YES,BET_YES,0.6129384834404251,0.78,-0.1670615165595749,0.0032798490566036,0.5134845155120742,ATM,LOW,0.4025302573525464,NO_BET,0.0,0.0,,66461.29952498645,159044.16269031176,False,0.3987570519537906,1.1464320463758244,1.2355140332989605,7.295770818375009,1.6666666666666667,2.5,0.0346110951604385,0.0,,,none,none,2026-03-09T01:59:19.130981+00:00,True,66249.64,0.0,1.0
BTC_66500_2026-03-09T02:00,2026-03-09T01:44:03.487153+00:00,66500.0,66573.86,16,,0.6482297374975192,0.3517702625024808,0.6482297374975192,0.3517702625024808,0.68,0.32,kalshi_cli_both,-0.0317702625024808,0.0317702625024807,NO,NO,YES,BET_YES,0.6482297374975192,0.68,-0.0317702625024808,0.0011106766917293,0.236406108036711,ATM,HIGH,0.6154352237489036,NO_BET,0.0,0.0,,66608.59108896134,84716.76337096641,True,0.601508763229165,0.4510523328227331,1.391838390454598,3.880038000303478,1.4705882352941175,3.125,0.0,0.0046720974268354,,,none,none,2026-03-09T02:00:03.487153+00:00,True,66194.01,0.0,1.0
BTC_66500_2026-03-09T01:59,2026-03-09T01:48:49.822966+00:00,66500.0,66501.88,30,,0.438701032126242,0.5612989678737579,0.4639041863576613,0.5360958136423387,0.52,0.48,kalshi_cli_both,-0.0812989678737579,0.0812989678737579,NO,YES,NO,BET_NO,0.438701032126242,0.52,-0.0812989678737579,2.8270676691799348e-05,0.0072563197696407,ATM,LOW,0.3627579202039931,NO_BET,0.0,0.0,,66398.19452134123,56457.75099463224,True,0.282356863138246,0.7306718176107536,2.1039886293509564,2.3410131640277143,2.2222222222222223,1.818181818181818,0.0025280338832111,0.0,,,none,none,2026-03-09T01:59:05.997937+00:00,True,66249.64,0.0,1.0
BTC_67500_2026-03-09T03:08,2026-03-09T02:48:19.676170+00:00,67500.0,66583.69,20,,0.01,0.99,0.01,0.99,0.3,0.7,kalshi_cli_both,-0.29,0.29,NO,YES,NO,BET_NO,0.01,0.3,-0.29,0.0135749629629629,-2.6729356646592097,Mid,HIGH,0.7145413188862717,NO_BET,0.0,0.0,,66596.52891240444,92590.41717214436,False,-0.9566666666666668,1.4042857142857144,0.1859,0.0583897959183674,3.3333333333333335,1.4285714285714286,0.0,0.0966666666666666,,,none,none,2026-03-09T03:08:19.676170+00:00,True,66857.99,0.0,1.0
BTC_66750_2026-03-09T03:00,2026-03-09T02:54:38.228016+00:00,66750.0,66608.76,6,,0.1,0.9,0.1835480118436387,0.8164519881563612,0.1866309369335163,0.8133690630664837,model_implied_fallback,-0.0866309369335162,0.0866309369335163,NO,YES,NO,BET_NO,0.1,0.1866309369335163,-0.0866309369335162,0.0021159550561798,-0.8913236734775734,ATM,HIGH,0.7162378544757279,NO_BET,0.0,0.0,,66634.8434390104,21311.31393592588,True,-0.3641831539664665,1.0065087681192455,3.6383675553002712,0.4473419373932681,5.358168460335335,1.229454186799162,0.0,0.0464183153966466,,,isotonic,/Users/johnn/Desktop/Coding Projects/BTC Model/BTCNEW/artifacts/models/btcnew_calibrator.joblib,2026-03-09T03:00:38.228016+00:00,True,66533.43,0.0,1.0
BTC_71250_2026-03-11T00:03,2026-03-10T23:03:45.837730+00:00,71250.0,69754.12,60,,1e-06,0.99,0.01,0.99,0.01,0.99,model_implied_fallback,-0.009999000000000001,0.0,NO,NO,NO,BET_NO,1e-06,0.01,-0.009999000000000001,0.020994807017543925,-3.7250680768168642,Far,MEDIUM,0.5799933195454263,NO_BET,0.0,0.0,,69730.28530094275,136976.59026066677,False,-0.999899,0.99,0.010200989799,0.04000101010101014,100.0,1.0101010101010102,0.0,5.49560397189449e-16,,,isotonic,/Users/johnn/Desktop/Coding Projects/BTC Model/BTCNEW/artifacts/models/btcnew_calibrator.joblib,2026-03-11T00:03:45.837730+00:00,False,,,
